model,RMSE,NLL
BNN,0.6016075379474608,0.8292784837087894
