model,RMSE,NLL
BNN,0.6100960555723469,0.833086236574765
