model,RMSE,NLL
BNN,0.6187789328846618,0.879326097959929
