model,RMSE,NLL,Coverage@1σ,Coverage@2σ
svgp_rbf,0.5970586515065206,0.9804963464173473,0.7546322290847838,0.8994946659180236
svgp_periodic,1.185222522048461,1.5904160007500427,0.7450870297585626,0.9573273441886581
svgp_locally_periodic,0.602932003562758,1.0518941948269178,0.7361033127456486,0.8759124087591241
bnn,0.5928218999832117,0.8360278694284492,0.7709152161706906,0.9432902863559798
