kernel,time_cf_std,time_cf_range,feature_cf_std,feature_cf_range,time_to_feature_std_ratio,time_to_feature_range_ratio
rbf,0.0,0.0,1.3523470163345337,9.30814266204834,0.0,0.0
periodic,0.7521540522575378,2.6773061752319336,0.0,0.0,752154052257.5378,2677306175231.9336
locally_periodic,0.1344824582338333,0.4226562976837158,1.3360570669174194,8.584050178527832,0.10065622312377237,0.04923739830189952
