kernel,RMSE,NLL
rbf,0.6043672362145789,1.0091597587538057
periodic,1.2421122111261265,1.6358790387568491
locally_periodic,0.60061569455687,1.0451548929324823
