kernel,RMSE,NLL
rbf,0.6105824038472463,1.0204869048645586
periodic,1.2523308593958629,1.6440267474612087
locally_periodic,0.6052961203173172,1.0558678862478725
