kernel,RMSE,NLL
rbf,0.6110411703434214,1.0216830880417933
periodic,1.1763575673525106,1.5838669871568725
locally_periodic,0.60054129264311,1.0409628089742748
