kernel_left,kernel_right,mean_abs_diff,max_abs_diff,corr
rbf,periodic,0.9475430846214294,5.758821487426758,0.4798568287446421
rbf,locally_periodic,0.11948352307081223,0.6931209564208984,0.9940763153811818
periodic,locally_periodic,0.9701460003852844,6.187827110290527,0.4551253185671264
